{"cameraMode":{"drawMode":0,"name":"Shaded","section":"Shading Mode"},"sceneLighting":false,"audioPlay":false,"sceneViewState":{"showFog":false,"showMaterialUpdate":false,"showSkybox":false,"showFlares":false,"showImageEffects":false,"showParticleSystems":false},"in2DMode":false,"pivot":{"x":0.16265034675598145,"y":1.6298837661743165,"z":-0.9368691444396973},"rotation":{"x":-0.018116991966962816,"y":-0.14437316358089448,"z":0.0026438503991812469,"w":-0.9893560409545898},"size":6.191910266876221,"orthographic":false}