{"cameraMode":{"drawMode":0,"name":"Shaded","section":"Shading Mode"},"sceneLighting":false,"audioPlay":false,"sceneViewState":{"showFog":false,"showMaterialUpdate":false,"showSkybox":false,"showFlares":false,"showImageEffects":false,"showParticleSystems":false},"in2DMode":false,"pivot":{"x":-1.0584157705307007,"y":1.333244800567627,"z":-0.7211499214172363},"rotation":{"x":-0.042255647480487826,"y":-0.04434942826628685,"z":0.0018777984660118819,"w":-0.9981228709220886},"size":22.0,"orthographic":false}